{"accuracy": [0.6033003926277161, 0.8680844902992249, 0.9179173707962036, 0.9435663819313049, 0.9576072096824646, 0.9662707448005676, 0.9723877906799316, 0.977039635181427, 0.9814069271087646, 0.9829148650169373], "loss": [1.3436634540557861, 0.4209390878677368, 0.2569032311439514, 0.17339175939559937, 0.1292758285999298, 0.103053979575634, 0.08639126271009445, 0.07055985182523727, 0.05805506557226181, 0.05271777883172035], "val_accuracy": [0.8517528176307678, 0.9256203174591064, 0.8959139585494995, 0.9189050793647766, 0.9445139765739441, 0.9475870728492737, 0.9502617716789246, 0.9567493796348572, 0.9676189422607422, 0.9723992943763733], "val_loss": [0.47525033354759216, 0.23300115764141083, 0.3270688056945801, 0.2502807676792145, 0.18180328607559204, 0.1795097291469574, 0.1621701568365097, 0.13673453032970428, 0.11277464777231216, 0.09546535462141037]}